<?xml version="1.0" encoding="UTF-8"?>
<momconfig>
	<infrastructures>
		<infrastructure name="sts1-ohsm" host="momhli001.sabre.com" port="1919" channel="CHLMOM.USG.OHSM" connectionFactory="IICEQM03" contextFactory="com.ibm.mq.jms.context.WMQInitialContextFactory" reconnectInterval="30" reconnectIntervalTimeUnit="SECONDS" reconnectAttempts="100000"/>
		<infrastructure name="sts2-ohsm" host="momhli002.sabre.com" port="2019" channel="CHLMOM.USG.OHSM" connectionFactory="IICEQM04" contextFactory="com.ibm.mq.jms.context.WMQInitialContextFactory" reconnectInterval="30" reconnectIntervalTimeUnit="SECONDS" reconnectAttempts="100000"/>

		<infrastructure name="sts1-sas" host="momhli001.sabre.com" port="1918" channel="CHLMOM.ICE.SAS" connectionFactory="IICEQM01" contextFactory="com.ibm.mq.jms.context.WMQInitialContextFactory" reconnectInterval="30" reconnectIntervalTimeUnit="SECONDS" reconnectAttempts="100000"/>
		<infrastructure name="sts2-sas" host="momhli002.sabre.com" port="2018" channel="CHLMOM.ICE.SAS" connectionFactory="IICEQM02" contextFactory="com.ibm.mq.jms.context.WMQInitialContextFactory" reconnectInterval="30" reconnectIntervalTimeUnit="SECONDS" reconnectAttempts="100000"/>

		<infrastructure name="sts1-secmgr" host="momhli001.sabre.com" port="1918" channel="CHLMOM.ICE.SECMGRV2" connectionFactory="IICEQM01" contextFactory="com.ibm.mq.jms.context.WMQInitialContextFactory" reconnectInterval="30" reconnectIntervalTimeUnit="SECONDS" reconnectAttempts="100000"/>
		<infrastructure name="sts2-secmgr" host="momhli002.sabre.com" port="2018" channel="CHLMOM.ICE.SECMGRV2" connectionFactory="IICEQM02" contextFactory="com.ibm.mq.jms.context.WMQInitialContextFactory" reconnectInterval="30" reconnectIntervalTimeUnit="SECONDS" reconnectAttempts="100000"/>

		<infrastructure name="sts1-sessmgr" host="momhli001.sabre.com" port="1918" channel="CHLMOM.ICE.OHSM" connectionFactory="IICEQM01" contextFactory="com.ibm.mq.jms.context.WMQInitialContextFactory" reconnectInterval="30" reconnectIntervalTimeUnit="SECONDS" reconnectAttempts="100000"/>
		<infrastructure name="sts2-sessmgr" host="momhli002.sabre.com" port="2018" channel="CHLMOM.ICE.OHSM" connectionFactory="IICEQM02" contextFactory="com.ibm.mq.jms.context.WMQInitialContextFactory" reconnectInterval="30" reconnectIntervalTimeUnit="SECONDS" reconnectAttempts="100000"/>

	</infrastructures>

	<serviceDefinitions>

	<!-- Service without OHSM Cache -->
	<serviceDefinition name="OHSMSharedCacheService" infrastructure="sts1-ohsm,sts2-ohsm" recvTimeOut="10000" recvTimeOutTimeUnit="MILLISECONDS">
		 <destination request="QMOM.USG.RQ.OHSM.CACHE" reply="QMOM.OHSM.RS.USG.CACHE"/>
       <serviceOptions>
				<send minThreads="1" maxThreads="100" timeToLive="10" timeToLiveTimeUnit="SECONDS"/>
				<receive minThreads="1" maxThreads="100"/>
	    </serviceOptions>
	</serviceDefinition>
	
	 <!-- Service Definition for SAS Service -->
	<serviceDefinition name="SASService" infrastructure="sts1-sas,sts2-sas" recvTimeOut="10000" recvTimeOutTimeUnit="MILLISECONDS">
		  <destination request="QMOM.ICE.RQ.SAS.ALL" reply="QMOM.SAS.RS.ICE.ALL"/>
       <serviceOptions>
				<send minThreads="1" maxThreads="100" timeToLive="10" timeToLiveTimeUnit="SECONDS"/>
				<receive minThreads="1" maxThreads="100"/>
	    </serviceOptions>
	</serviceDefinition>

	 <!-- Service Definition for SecMgr Service -->
	<serviceDefinition name="SecMgrService" infrastructure="sts1-secmgr,sts2-secmgr" recvTimeOut="10000" recvTimeOutTimeUnit="MILLISECONDS">
		  <destination request="QMOM.ICE.RQ.SECMGRV2.ALL" reply="QMOM.SECMGRV2.RS.ICE.ALL"/>
       <serviceOptions>
				<send minThreads="1" maxThreads="100" timeToLive="10" timeToLiveTimeUnit="SECONDS"/>
				<receive minThreads="1" maxThreads="100"/>
	    </serviceOptions>
	</serviceDefinition>

	 <!-- Service Definition for SessMgr Service -->
	<serviceDefinition name="SessMgrService" infrastructure="sts1-sessmgr,sts2-sessmgr" recvTimeOut="10000" recvTimeOutTimeUnit="MILLISECONDS">
		  <destination request="QMOM.ICE.RQ.OHSM.SESMGR" reply="QMOM.OHSM.RS.ICE.SESMGR"/>
       <serviceOptions>
				<send minThreads="1" maxThreads="100" timeToLive="10" timeToLiveTimeUnit="SECONDS"/>
				<receive minThreads="1" maxThreads="100"/>
	    </serviceOptions>
	</serviceDefinition>

	
	</serviceDefinitions>
</momconfig>
